,minwool,co2data,pcmdata
0,18.0,0.0,-20.53
1,18.0,-0.0,-20.53
2,18.0,0.0,-20.52
3,18.0,0.05,-20.52
4,18.0,0.18,-20.51
5,18.0,0.43,-20.5
6,18.0,0.78,-20.49
7,18.0,1.2,-20.48
8,18.0,1.67,-20.46
9,18.0,2.16,-20.45
10,18.0,2.67,-20.44
11,18.0,3.19,-20.43
12,18.0,3.7,-20.42
13,18.0,4.21,-20.4
14,18.0,4.7,-20.39
15,18.0,5.19,-20.38
16,18.0,5.66,-20.36
17,18.0,6.11,-20.35
18,18.0,6.55,-20.33
19,18.0,6.98,-20.32
20,18.0,7.39,-20.3
21,18.0,7.78,-20.29
22,18.0,8.16,-20.27
23,18.0,8.53,-20.26
24,18.0,8.89,-20.24
25,18.0,9.23,-20.23
26,18.0,9.56,-20.21
27,18.0,9.87,-20.2
28,18.0,10.18,-20.18
29,18.0,10.47,-20.16
30,18.0,10.75,-20.15
31,18.0,11.02,-20.13
32,18.0,11.28,-20.12
33,18.0,11.54,-20.1
34,18.0,11.78,-20.08
35,18.0,12.01,-20.07
36,18.0,12.23,-20.05
37,18.0,12.45,-20.03
38,18.0,12.66,-20.02
39,18.0,12.86,-20.0
40,18.0,13.05,-19.98
41,18.0,13.24,-19.97
42,18.0,13.42,-19.95
43,18.0,13.59,-19.93
44,18.0,13.75,-19.92
45,18.0,13.91,-19.9
46,18.0,14.07,-19.88
47,18.0,14.21,-19.87
48,18.0,14.36,-19.85
49,18.0,14.49,-19.83
50,18.0,14.62,-19.82
51,18.0,14.75,-19.8
52,18.0,14.87,-19.78
53,18.01,14.99,-19.77
54,18.01,15.11,-19.75
55,18.01,15.21,-19.73
56,18.01,15.32,-19.72
57,18.01,15.42,-19.7
58,18.01,15.52,-19.68
59,18.01,15.61,-19.67
60,18.01,15.7,-19.65
61,18.01,15.79,-19.63
62,18.01,15.88,-19.62
63,18.02,15.96,-19.6
64,18.02,16.04,-19.58
65,18.02,16.11,-19.57
66,18.02,16.18,-19.55
67,18.02,16.25,-19.53
68,18.02,16.32,-19.52
69,18.03,16.39,-19.5
70,18.03,16.45,-19.48
71,18.03,16.51,-19.47
72,18.03,16.57,-19.45
73,18.03,16.63,-19.43
74,18.04,16.68,-19.42
75,18.04,16.73,-19.4
76,18.04,16.79,-19.38
77,18.04,16.83,-19.37
78,18.05,16.88,-19.35
79,18.05,16.93,-19.33
80,18.05,16.97,-19.32
81,18.05,17.02,-19.3
82,18.06,17.06,-19.28
83,18.06,17.1,-19.27
84,18.06,17.14,-19.25
85,18.07,17.17,-19.23
86,18.07,17.21,-19.22
87,18.07,17.25,-19.2
88,18.08,17.28,-19.19
89,18.08,17.31,-19.17
90,18.08,17.35,-19.15
91,18.09,17.38,-19.14
92,18.09,17.41,-19.12
93,18.09,17.44,-19.1
94,18.1,17.47,-19.09
95,18.1,17.49,-19.07
96,18.11,17.52,-19.06
97,18.11,17.55,-19.04
98,18.12,17.57,-19.02
99,18.12,17.6,-19.01
100,18.12,17.62,-18.99
101,18.13,17.64,-18.98
102,18.13,17.67,-18.96
103,18.14,17.69,-18.94
104,18.14,17.71,-18.93
105,18.15,17.73,-18.91
106,18.15,17.75,-18.89
107,18.16,17.77,-18.88
108,18.16,17.79,-18.86
109,18.17,17.81,-18.85
110,18.17,17.83,-18.83
111,18.18,17.85,-18.81
112,18.19,17.86,-18.8
113,18.19,17.88,-18.78
114,18.2,17.9,-18.77
115,18.2,17.92,-18.75
116,18.21,17.93,-18.73
117,18.21,17.95,-18.72
118,18.22,17.96,-18.7
119,18.23,17.98,-18.69
120,18.23,17.99,-18.67
121,18.24,18.01,-18.65
122,18.24,18.02,-18.64
123,18.25,18.04,-18.62
124,18.26,18.05,-18.61
125,18.26,18.07,-18.59
126,18.27,18.08,-18.57
127,18.28,18.09,-18.56
128,18.28,18.11,-18.54
129,18.29,18.12,-18.53
130,18.29,18.13,-18.51
131,18.3,18.15,-18.49
132,18.31,18.16,-18.48
133,18.31,18.17,-18.46
134,18.32,18.18,-18.45
135,18.33,18.19,-18.43
136,18.34,18.21,-18.42
137,18.34,18.22,-18.4
138,18.35,18.23,-18.38
139,18.36,18.24,-18.37
140,18.36,18.25,-18.35
141,18.37,18.26,-18.34
142,18.38,18.28,-18.32
143,18.39,18.29,-18.3
144,18.39,18.3,-18.29
145,18.4,18.31,-18.27
146,18.41,18.32,-18.26
147,18.42,18.33,-18.24
148,18.42,18.34,-18.22
149,18.43,18.35,-18.21
150,18.44,18.36,-18.19
151,18.45,18.37,-18.18
152,18.45,18.38,-18.16
153,18.46,18.39,-18.15
154,18.47,18.4,-18.13
155,18.48,18.41,-18.11
156,18.48,18.42,-18.1
157,18.49,18.43,-18.08
158,18.5,18.44,-18.07
159,18.51,18.45,-18.05
160,18.52,18.46,-18.03
161,18.52,18.47,-18.02
162,18.53,18.48,-18.0
163,18.54,18.49,-17.99
164,18.55,18.5,-17.97
165,18.56,18.51,-17.96
166,18.56,18.52,-17.94
167,18.57,18.53,-17.92
168,18.58,18.54,-17.91
169,18.59,18.55,-17.89
170,18.6,18.56,-17.88
171,18.6,18.57,-17.86
172,18.61,18.58,-17.84
173,18.62,18.59,-17.83
174,18.63,18.6,-17.81
175,18.64,18.61,-17.8
176,18.65,18.62,-17.78
177,18.65,18.63,-17.77
178,18.66,18.64,-17.75
179,18.67,18.65,-17.73
180,18.68,18.66,-17.72
181,18.69,18.66,-17.7
182,18.7,18.67,-17.69
183,18.71,18.68,-17.67
184,18.71,18.69,-17.65
185,18.72,18.7,-17.64
186,18.73,18.71,-17.62
187,18.74,18.72,-17.61
188,18.75,18.73,-17.59
189,18.76,18.74,-17.58
190,18.77,18.75,-17.56
191,18.77,18.76,-17.54
192,18.78,18.77,-17.53
193,18.79,18.78,-17.51
194,18.8,18.79,-17.5
195,18.81,18.79,-17.48
196,18.82,18.8,-17.46
197,18.83,18.81,-17.45
198,18.83,18.82,-17.43
199,18.84,18.83,-17.42
200,18.85,18.84,-17.4
201,18.86,18.85,-17.39
202,18.87,18.86,-17.37
203,18.88,18.87,-17.35
204,18.89,18.88,-17.34
205,18.9,18.89,-17.32
206,18.9,18.9,-17.31
207,18.91,18.9,-17.29
208,18.92,18.91,-17.27
209,18.93,18.92,-17.26
210,18.94,18.93,-17.24
211,18.95,18.94,-17.23
212,18.96,18.95,-17.21
213,18.97,18.96,-17.2
214,18.98,18.97,-17.18
215,18.98,18.98,-17.16
216,18.99,18.99,-17.15
217,19.0,19.0,-17.13
218,19.01,19.01,-17.12
219,19.02,19.01,-17.1
220,19.03,19.02,-17.08
221,19.04,19.03,-17.07
222,19.05,19.04,-17.05
223,19.06,19.05,-17.04
224,19.06,19.06,-17.02
225,19.07,19.07,-17.01
226,19.08,19.08,-16.99
227,19.09,19.09,-16.97
228,19.1,19.1,-16.96
229,19.11,19.1,-16.94
230,19.12,19.11,-16.93
231,19.13,19.12,-16.91
232,19.14,19.13,-16.89
233,19.14,19.14,-16.88
234,19.15,19.15,-16.86
235,19.16,19.16,-16.85
236,19.17,19.17,-16.83
237,19.18,19.18,-16.81
238,19.19,19.19,-16.8
239,19.2,19.2,-16.78
240,19.21,19.2,-16.77
241,19.22,19.21,-16.75
242,19.22,19.22,-16.74
243,19.23,19.23,-16.72
244,19.24,19.24,-16.7
245,19.25,19.25,-16.69
246,19.26,19.26,-16.67
247,19.27,19.27,-16.66
248,19.28,19.28,-16.64
249,19.29,19.28,-16.62
250,19.3,19.29,-16.61
251,19.3,19.3,-16.59
252,19.31,19.31,-16.58
253,19.32,19.32,-16.56
254,19.33,19.33,-16.55
255,19.34,19.34,-16.53
256,19.35,19.35,-16.51
257,19.36,19.36,-16.5
258,19.37,19.36,-16.48
259,19.38,19.37,-16.47
260,19.38,19.38,-16.45
261,19.39,19.39,-16.43
262,19.4,19.4,-16.42
263,19.41,19.41,-16.4
264,19.42,19.42,-16.39
265,19.43,19.43,-16.37
266,19.44,19.44,-16.36
267,19.45,19.44,-16.34
268,19.45,19.45,-16.32
269,19.46,19.46,-16.31
270,19.47,19.47,-16.29
271,19.48,19.48,-16.28
272,19.49,19.49,-16.26
273,19.5,19.5,-16.24
274,19.51,19.51,-16.23
275,19.52,19.52,-16.21
276,19.52,19.52,-16.2
277,19.53,19.53,-16.18
278,19.54,19.54,-16.17
279,19.55,19.55,-16.15
280,19.56,19.56,-16.13
281,19.57,19.57,-16.12
282,19.58,19.58,-16.1
283,19.59,19.59,-16.09
284,19.59,19.59,-16.07
285,19.6,19.6,-16.05
286,19.61,19.61,-16.04
287,19.62,19.62,-16.02
288,19.63,19.63,-16.01
289,19.64,19.64,-15.99
290,19.65,19.65,-15.98
291,19.65,19.65,-15.96
292,19.66,19.66,-15.94
293,19.67,19.67,-15.93
294,19.68,19.68,-15.91
295,19.69,19.69,-15.9
296,19.7,19.7,-15.88
297,19.71,19.71,-15.86
298,19.71,19.71,-15.85
299,19.72,19.72,-15.83
300,19.73,19.73,-15.82
301,19.74,19.74,-15.8
302,19.75,19.75,-15.79
303,19.76,19.76,-15.77
304,19.77,19.77,-15.75
305,19.77,19.77,-15.74
306,19.78,19.78,-15.72
307,19.79,19.79,-15.71
308,19.8,19.8,-15.69
309,19.81,19.81,-15.67
310,19.82,19.82,-15.66
311,19.83,19.83,-15.64
312,19.83,19.83,-15.63
313,19.84,19.84,-15.61
314,19.85,19.85,-15.6
315,19.86,19.86,-15.58
316,19.87,19.87,-15.56
317,19.88,19.88,-15.55
318,19.88,19.88,-15.53
319,19.89,19.89,-15.52
320,19.9,19.9,-15.5
321,19.91,19.91,-15.49
322,19.92,19.92,-15.47
323,19.93,19.93,-15.45
324,19.93,19.93,-15.44
325,19.94,19.94,-15.42
326,19.95,19.95,-15.41
327,19.96,19.96,-15.39
328,19.97,19.97,-15.37
329,19.98,19.98,-15.36
330,19.98,19.98,-15.34
331,19.99,19.99,-15.33
332,20.0,20.0,-15.31
333,20.01,20.01,-15.3
334,20.02,20.02,-15.28
335,20.03,20.02,-15.26
336,20.03,20.03,-15.25
337,20.04,20.04,-15.23
338,20.05,20.05,-15.22
339,20.06,20.06,-15.2
340,20.07,20.07,-15.19
341,20.07,20.07,-15.17
342,20.08,20.08,-15.15
343,20.09,20.09,-15.14
344,20.1,20.1,-15.12
345,20.11,20.11,-15.11
346,20.11,20.11,-15.09
347,20.12,20.12,-15.07
348,20.13,20.13,-15.06
349,20.14,20.14,-15.04
350,20.15,20.15,-15.03
351,20.15,20.15,-15.01
352,20.16,20.16,-15.0
353,20.17,20.17,-14.98
354,20.18,20.18,-14.96
355,20.19,20.19,-14.95
356,20.19,20.19,-14.93
357,20.2,20.2,-14.92
358,20.21,20.21,-14.9
359,20.22,20.22,-14.89
360,20.23,20.23,-14.87
361,20.23,20.23,-14.85
362,20.24,20.24,-14.84
363,20.25,20.25,-14.82
364,20.26,20.26,-14.81
365,20.27,20.27,-14.79
366,20.27,20.27,-14.78
367,20.28,20.28,-14.76
368,20.29,20.29,-14.74
369,20.3,20.3,-14.73
370,20.31,20.31,-14.71
371,20.31,20.31,-14.7
372,20.32,20.32,-14.68
373,20.33,20.33,-14.67
374,20.34,20.34,-14.65
375,20.34,20.34,-14.63
376,20.35,20.35,-14.62
377,20.36,20.36,-14.6
378,20.37,20.37,-14.59
379,20.37,20.37,-14.57
380,20.38,20.38,-14.56
381,20.39,20.39,-14.54
382,20.4,20.4,-14.52
383,20.41,20.41,-14.51
384,20.41,20.41,-14.49
385,20.42,20.42,-14.48
386,20.43,20.43,-14.46
387,20.44,20.44,-14.45
388,20.44,20.44,-14.43
389,20.45,20.45,-14.41
390,20.46,20.46,-14.4
391,20.47,20.47,-14.38
392,20.47,20.47,-14.37
393,20.48,20.48,-14.35
394,20.49,20.49,-14.34
395,20.5,20.5,-14.32
396,20.5,20.5,-14.3
397,20.51,20.51,-14.29
398,20.52,20.52,-14.27
399,20.53,20.53,-14.26
400,20.53,20.53,-14.24
401,20.54,20.54,-14.23
402,20.55,20.55,-14.21
403,20.56,20.56,-14.19
404,20.56,20.56,-14.18
405,20.57,20.57,-14.16
406,20.58,20.58,-14.15
407,20.59,20.59,-14.13
408,20.59,20.59,-14.12
409,20.6,20.6,-14.1
410,20.61,20.61,-14.08
411,20.62,20.62,-14.07
412,20.62,20.62,-14.05
413,20.63,20.63,-14.04
414,20.64,20.64,-14.02
415,20.64,20.64,-14.01
416,20.65,20.65,-13.99
417,20.66,20.66,-13.98
418,20.67,20.67,-13.96
419,20.67,20.67,-13.94
420,20.68,20.68,-13.93
421,20.69,20.69,-13.91
422,20.7,20.7,-13.9
423,20.7,20.7,-13.88
424,20.71,20.71,-13.87
425,20.72,20.72,-13.85
426,20.72,20.72,-13.83
427,20.73,20.73,-13.82
428,20.74,20.74,-13.8
429,20.75,20.75,-13.79
430,20.75,20.75,-13.77
431,20.76,20.76,-13.76
432,20.77,20.77,-13.74
433,20.77,20.77,-13.73
434,20.78,20.78,-13.71
435,20.79,20.79,-13.69
436,20.8,20.8,-13.68
437,20.8,20.8,-13.66
438,20.81,20.81,-13.65
439,20.82,20.82,-13.63
440,20.82,20.82,-13.62
441,20.83,20.83,-13.6
442,20.84,20.84,-13.59
443,20.84,20.84,-13.57
444,20.85,20.85,-13.55
445,20.86,20.86,-13.54
446,20.87,20.87,-13.52
447,20.87,20.87,-13.51
448,20.88,20.88,-13.49
449,20.89,20.89,-13.48
450,20.89,20.89,-13.46
451,20.9,20.9,-13.45
452,20.91,20.91,-13.43
453,20.91,20.91,-13.41
454,20.92,20.92,-13.4
455,20.93,20.93,-13.38
456,20.93,20.93,-13.37
457,20.94,20.94,-13.35
458,20.95,20.95,-13.34
459,20.95,20.95,-13.32
460,20.96,20.96,-13.31
461,20.97,20.97,-13.29
462,20.98,20.98,-13.27
463,20.98,20.98,-13.26
464,20.99,20.99,-13.24
465,21.0,21.0,-13.23
466,21.0,21.0,-13.21
467,21.01,21.01,-13.2
468,21.02,21.02,-13.18
469,21.02,21.02,-13.17
470,21.03,21.03,-13.15
471,21.04,21.04,-13.13
472,21.04,21.04,-13.12
473,21.05,21.05,-13.1
474,21.06,21.06,-13.09
475,21.06,21.06,-13.07
476,21.07,21.07,-13.06
477,21.08,21.08,-13.04
478,21.08,21.08,-13.03
479,21.09,21.09,-13.01
480,21.1,21.1,-13.0
481,21.1,21.1,-12.98
482,21.11,21.11,-12.96
483,21.11,21.11,-12.95
484,21.12,21.12,-12.93
485,21.13,21.13,-12.92
486,21.13,21.13,-12.9
487,21.14,21.14,-12.89
488,21.15,21.15,-12.87
489,21.15,21.15,-12.86
490,21.16,21.16,-12.84
491,21.17,21.17,-12.83
492,21.17,21.17,-12.81
493,21.18,21.18,-12.79
494,21.19,21.19,-12.78
495,21.19,21.19,-12.76
496,21.2,21.2,-12.75
497,21.21,21.21,-12.73
498,21.21,21.21,-12.72
499,21.22,21.22,-12.7
500,21.22,21.22,-12.69
501,21.23,21.23,-12.67
502,21.24,21.24,-12.66
503,21.24,21.24,-12.64
504,21.25,21.25,-12.62
505,21.26,21.26,-12.61
506,21.26,21.26,-12.59
507,21.27,21.27,-12.58
508,21.27,21.27,-12.56
509,21.28,21.28,-12.55
510,21.29,21.29,-12.53
511,21.29,21.29,-12.52
512,21.3,21.3,-12.5
513,21.31,21.31,-12.49
514,21.31,21.31,-12.47
515,21.32,21.32,-12.46
516,21.32,21.32,-12.44
517,21.33,21.33,-12.42
518,21.34,21.34,-12.41
519,21.34,21.34,-12.39
520,21.35,21.35,-12.38
521,21.36,21.36,-12.36
522,21.36,21.36,-12.35
523,21.37,21.37,-12.33
524,21.37,21.37,-12.32
525,21.38,21.38,-12.3
526,21.39,21.39,-12.29
527,21.39,21.39,-12.27
528,21.4,21.4,-12.26
529,21.4,21.4,-12.24
530,21.41,21.41,-12.23
531,21.42,21.42,-12.21
532,21.42,21.42,-12.19
533,21.43,21.43,-12.18
534,21.43,21.43,-12.16
535,21.44,21.44,-12.15
536,21.45,21.45,-12.13
537,21.45,21.45,-12.12
538,21.46,21.46,-12.1
539,21.46,21.46,-12.09
540,21.47,21.47,-12.07
541,21.48,21.48,-12.06
542,21.48,21.48,-12.04
543,21.49,21.49,-12.03
544,21.49,21.49,-12.01
545,21.5,21.5,-12.0
546,21.51,21.51,-11.98
547,21.51,21.51,-11.97
548,21.52,21.52,-11.95
549,21.52,21.52,-11.94
550,21.53,21.53,-11.92
551,21.54,21.54,-11.9
552,21.54,21.54,-11.89
553,21.55,21.55,-11.87
554,21.55,21.55,-11.86
555,21.56,21.56,-11.84
556,21.56,21.56,-11.83
557,21.57,21.57,-11.81
558,21.58,21.58,-11.8
559,21.58,21.58,-11.78
560,21.59,21.59,-11.77
561,21.59,21.59,-11.75
562,21.6,21.6,-11.74
563,21.6,21.6,-11.72
564,21.61,21.61,-11.71
565,21.62,21.62,-11.69
566,21.62,21.62,-11.68
567,21.63,21.63,-11.66
568,21.63,21.63,-11.65
569,21.64,21.64,-11.63
570,21.64,21.64,-11.62
571,21.65,21.65,-11.6
572,21.66,21.66,-11.59
573,21.66,21.66,-11.57
574,21.67,21.67,-11.55
575,21.67,21.67,-11.54
576,21.68,21.68,-11.52
577,21.68,21.68,-11.51
578,21.69,21.69,-11.49
579,21.69,21.69,-11.48
580,21.7,21.7,-11.46
581,21.71,21.71,-11.45
582,21.71,21.71,-11.43
583,21.72,21.72,-11.42
584,21.72,21.72,-11.4
585,21.73,21.73,-11.39
586,21.73,21.73,-11.37
587,21.74,21.74,-11.36
588,21.74,21.74,-11.34
589,21.75,21.75,-11.33
590,21.76,21.76,-11.31
591,21.76,21.76,-11.3
592,21.77,21.77,-11.28
593,21.77,21.77,-11.27
594,21.78,21.78,-11.25
595,21.78,21.78,-11.24
596,21.79,21.79,-11.22
597,21.79,21.79,-11.21
598,21.8,21.8,-11.19
599,21.8,21.8,-11.18
600,21.81,21.81,-11.16
601,21.82,21.82,-11.15
602,21.82,21.82,-11.13
603,21.83,21.83,-11.12
604,21.83,21.83,-11.1
605,21.84,21.84,-11.09
606,21.84,21.84,-11.07
607,21.85,21.85,-11.06
608,21.85,21.85,-11.04
609,21.86,21.86,-11.03
610,21.86,21.86,-11.01
611,21.87,21.87,-11.0
612,21.87,21.87,-10.98
613,21.88,21.88,-10.97
614,21.88,21.88,-10.95
615,21.89,21.89,-10.94
616,21.89,21.89,-10.92
617,21.9,21.9,-10.91
618,21.91,21.91,-10.89
619,21.91,21.91,-10.88
620,21.92,21.92,-10.86
621,21.92,21.92,-10.85
622,21.93,21.93,-10.83
623,21.93,21.93,-10.82
624,21.94,21.94,-10.8
625,21.94,21.94,-10.79
626,21.95,21.95,-10.77
627,21.95,21.95,-10.76
628,21.96,21.96,-10.74
629,21.96,21.96,-10.73
630,21.97,21.97,-10.71
631,21.97,21.97,-10.7
632,21.98,21.98,-10.68
633,21.98,21.98,-10.67
634,21.99,21.99,-10.65
635,21.99,21.99,-10.64
636,22.0,22.0,-10.62
637,22.0,22.0,-10.61
638,22.01,22.01,-10.59
639,22.01,22.01,-10.58
640,22.02,22.02,-10.56
641,22.02,22.02,-10.55
642,22.03,22.03,-10.53
643,22.03,22.03,-10.52
644,22.04,22.04,-10.5
645,22.04,22.04,-10.49
646,22.05,22.05,-10.47
647,22.05,22.05,-10.46
648,22.06,22.06,-10.44
649,22.06,22.06,-10.43
650,22.07,22.07,-10.41
651,22.07,22.07,-10.4
652,22.08,22.08,-10.38
653,22.08,22.08,-10.37
654,22.09,22.09,-10.35
655,22.09,22.09,-10.34
656,22.1,22.1,-10.32
657,22.1,22.1,-10.31
658,22.11,22.11,-10.29
659,22.11,22.11,-10.28
660,22.12,22.12,-10.26
661,22.12,22.12,-10.25
662,22.13,22.13,-10.23
663,22.13,22.13,-10.22
664,22.14,22.14,-10.2
665,22.14,22.14,-10.19
666,22.15,22.15,-10.17
667,22.15,22.15,-10.16
668,22.16,22.16,-10.15
669,22.16,22.16,-10.13
670,22.17,22.17,-10.12
671,22.17,22.17,-10.1
672,22.17,22.17,-10.09
673,22.18,22.18,-10.07
674,22.18,22.18,-10.06
675,22.19,22.19,-10.04
676,22.19,22.19,-10.03
677,22.2,22.2,-10.01
678,22.2,22.2,-10.0
679,22.21,22.21,-9.98
680,22.21,22.21,-9.97
681,22.22,22.22,-9.95
682,22.22,22.22,-9.94
683,22.23,22.23,-9.92
684,22.23,22.23,-9.91
685,22.24,22.24,-9.89
686,22.24,22.24,-9.88
687,22.25,22.25,-9.86
688,22.25,22.25,-9.85
689,22.25,22.25,-9.83
690,22.26,22.26,-9.82
691,22.26,22.26,-9.81
692,22.27,22.27,-9.79
693,22.27,22.27,-9.78
694,22.28,22.28,-9.76
695,22.28,22.28,-9.75
696,22.29,22.29,-9.73
697,22.29,22.29,-9.72
698,22.3,22.3,-9.7
699,22.3,22.3,-9.69
700,22.31,22.31,-9.67
701,22.31,22.31,-9.66
702,22.31,22.31,-9.64
703,22.32,22.32,-9.63
704,22.32,22.32,-9.61
705,22.33,22.33,-9.6
706,22.33,22.33,-9.59
707,22.34,22.34,-9.57
708,22.34,22.34,-9.56
709,22.35,22.35,-9.54
710,22.35,22.35,-9.53
711,22.35,22.35,-9.51
712,22.36,22.36,-9.5
713,22.36,22.36,-9.48
714,22.37,22.37,-9.47
715,22.37,22.37,-9.45
716,22.38,22.38,-9.44
717,22.38,22.38,-9.42
718,22.39,22.39,-9.41
719,22.39,22.39,-9.39
720,22.39,22.39,-9.38
721,22.4,22.4,-9.37
722,22.4,22.4,-9.35
723,22.41,22.41,-9.34
724,22.41,22.41,-9.32
725,22.42,22.42,-9.31
726,22.42,22.42,-9.29
727,22.43,22.43,-9.28
728,22.43,22.43,-9.26
729,22.43,22.43,-9.25
730,22.44,22.44,-9.23
731,22.44,22.44,-9.22
732,22.45,22.45,-9.21
733,22.45,22.45,-9.19
734,22.46,22.46,-9.18
735,22.46,22.46,-9.16
736,22.46,22.46,-9.15
737,22.47,22.47,-9.13
738,22.47,22.47,-9.12
739,22.48,22.48,-9.1
740,22.48,22.48,-9.09
741,22.49,22.49,-9.07
742,22.49,22.49,-9.06
743,22.49,22.49,-9.05
744,22.5,22.5,-9.03
745,22.5,22.5,-9.02
746,22.51,22.51,-9.0
747,22.51,22.51,-8.99
748,22.51,22.51,-8.97
749,22.52,22.52,-8.96
750,22.52,22.52,-8.94
751,22.53,22.53,-8.93
752,22.53,22.53,-8.91
753,22.54,22.54,-8.9
754,22.54,22.54,-8.89
755,22.54,22.54,-8.87
756,22.55,22.55,-8.86
757,22.55,22.55,-8.84
758,22.56,22.56,-8.83
759,22.56,22.56,-8.81
760,22.56,22.56,-8.8
761,22.57,22.57,-8.78
762,22.57,22.57,-8.77
763,22.58,22.58,-8.76
764,22.58,22.58,-8.74
765,22.59,22.59,-8.73
766,22.59,22.59,-8.71
767,22.59,22.59,-8.7
768,22.6,22.6,-8.68
769,22.6,22.6,-8.67
770,22.61,22.61,-8.65
771,22.61,22.61,-8.64
772,22.61,22.61,-8.63
773,22.62,22.62,-8.61
774,22.62,22.62,-8.6
775,22.63,22.63,-8.58
776,22.63,22.63,-8.57
777,22.63,22.63,-8.55
778,22.64,22.64,-8.54
779,22.64,22.64,-8.53
780,22.65,22.65,-8.51
781,22.65,22.65,-8.5
782,22.65,22.65,-8.48
783,22.66,22.66,-8.47
784,22.66,22.66,-8.45
785,22.67,22.67,-8.44
786,22.67,22.67,-8.42
787,22.67,22.67,-8.41
788,22.68,22.68,-8.4
789,22.68,22.68,-8.38
790,22.69,22.69,-8.37
791,22.69,22.69,-8.35
792,22.69,22.69,-8.34
793,22.7,22.7,-8.32
794,22.7,22.7,-8.31
795,22.7,22.7,-8.3
796,22.71,22.71,-8.28
797,22.71,22.71,-8.27
798,22.72,22.72,-8.25
799,22.72,22.72,-8.24
800,22.72,22.72,-8.22
801,22.73,22.73,-8.21
802,22.73,22.73,-8.2
803,22.74,22.74,-8.18
804,22.74,22.74,-8.17
805,22.74,22.74,-8.15
806,22.75,22.75,-8.14
807,22.75,22.75,-8.12
808,22.75,22.75,-8.11
809,22.76,22.76,-8.1
810,22.76,22.76,-8.08
811,22.77,22.77,-8.07
812,22.77,22.77,-8.05
813,22.77,22.77,-8.04
814,22.78,22.78,-8.03
815,22.78,22.78,-8.01
816,22.78,22.78,-8.0
817,22.79,22.79,-7.98
818,22.79,22.79,-7.97
819,22.8,22.8,-7.95
820,22.8,22.8,-7.94
821,22.8,22.8,-7.93
822,22.81,22.81,-7.91
823,22.81,22.81,-7.9
824,22.81,22.81,-7.88
825,22.82,22.82,-7.87
826,22.82,22.82,-7.86
827,22.83,22.83,-7.84
828,22.83,22.83,-7.83
829,22.83,22.83,-7.81
830,22.84,22.84,-7.8
831,22.84,22.84,-7.78
832,22.84,22.84,-7.77
833,22.85,22.85,-7.76
834,22.85,22.85,-7.74
835,22.85,22.85,-7.73
836,22.86,22.86,-7.71
837,22.86,22.86,-7.7
838,22.87,22.87,-7.69
839,22.87,22.87,-7.67
840,22.87,22.87,-7.66
841,22.88,22.88,-7.64
842,22.88,22.88,-7.63
843,22.88,22.88,-7.62
844,22.89,22.89,-7.6
845,22.89,22.89,-7.59
846,22.89,22.89,-7.57
847,22.9,22.9,-7.56
848,22.9,22.9,-7.54
849,22.9,22.9,-7.53
850,22.91,22.91,-7.52
851,22.91,22.91,-7.5
852,22.92,22.92,-7.49
853,22.92,22.92,-7.47
854,22.92,22.92,-7.46
855,22.93,22.93,-7.45
856,22.93,22.93,-7.43
857,22.93,22.93,-7.42
858,22.94,22.94,-7.4
859,22.94,22.94,-7.39
860,22.94,22.94,-7.38
861,22.95,22.95,-7.36
862,22.95,22.95,-7.35
863,22.95,22.95,-7.33
864,22.96,22.96,-7.32
865,22.96,22.96,-7.31
866,22.96,22.96,-7.29
867,22.97,22.97,-7.28
868,22.97,22.97,-7.26
869,22.97,22.97,-7.25
870,22.98,22.98,-7.24
871,22.98,22.98,-7.22
872,22.98,22.98,-7.21
873,22.99,22.99,-7.19
874,22.99,22.99,-7.18
875,22.99,22.99,-7.17
876,23.0,23.0,-7.15
877,23.0,23.0,-7.14
878,23.0,23.0,-7.12
879,23.01,23.01,-7.11
880,23.01,23.01,-7.1
881,23.01,23.01,-7.08
882,23.02,23.02,-7.07
883,23.02,23.02,-7.06
884,23.02,23.02,-7.04
885,23.03,23.03,-7.03
886,23.03,23.03,-7.01
887,23.03,23.03,-7.0
888,23.04,23.04,-6.99
889,23.04,23.04,-6.97
890,23.04,23.04,-6.96
891,23.05,23.05,-6.94
892,23.05,23.05,-6.93
893,23.05,23.05,-6.92
894,23.06,23.06,-6.9
895,23.06,23.06,-6.89
896,23.06,23.06,-6.87
897,23.07,23.07,-6.86
898,23.07,23.07,-6.85
899,23.07,23.07,-6.83
900,23.08,23.08,-6.82
901,23.08,23.08,-6.81
902,23.08,23.08,-6.79
903,23.09,23.09,-6.78
904,23.09,23.09,-6.76
905,23.09,23.09,-6.75
906,23.1,23.1,-6.74
907,23.1,23.1,-6.72
908,23.1,23.1,-6.71
909,23.11,23.11,-6.69
910,23.11,23.11,-6.68
911,23.11,23.11,-6.67
912,23.12,23.12,-6.65
913,23.12,23.12,-6.64
914,23.12,23.12,-6.63
915,23.13,23.13,-6.61
916,23.13,23.13,-6.6
917,23.13,23.13,-6.58
918,23.13,23.13,-6.57
919,23.14,23.14,-6.56
920,23.14,23.14,-6.54
921,23.14,23.14,-6.53
922,23.15,23.15,-6.52
923,23.15,23.15,-6.5
924,23.15,23.15,-6.49
925,23.16,23.16,-6.47
926,23.16,23.16,-6.46
927,23.16,23.16,-6.45
928,23.17,23.17,-6.43
929,23.17,23.17,-6.42
930,23.17,23.17,-6.41
931,23.18,23.18,-6.39
932,23.18,23.18,-6.38
933,23.18,23.18,-6.37
934,23.18,23.18,-6.35
935,23.19,23.19,-6.34
936,23.19,23.19,-6.32
937,23.19,23.19,-6.31
938,23.2,23.2,-6.3
939,23.2,23.2,-6.28
940,23.2,23.2,-6.27
941,23.21,23.21,-6.26
942,23.21,23.21,-6.24
943,23.21,23.21,-6.23
944,23.21,23.21,-6.21
945,23.22,23.22,-6.2
946,23.22,23.22,-6.19
947,23.22,23.22,-6.17
948,23.23,23.23,-6.16
949,23.23,23.23,-6.15
950,23.23,23.23,-6.13
951,23.24,23.24,-6.12
952,23.24,23.24,-6.11
953,23.24,23.24,-6.09
954,23.24,23.24,-6.08
955,23.25,23.25,-6.06
956,23.25,23.25,-6.05
957,23.25,23.25,-6.04
958,23.26,23.26,-6.02
959,23.26,23.26,-6.01
960,23.26,23.26,-6.0
961,23.27,23.27,-5.98
962,23.27,23.27,-5.97
963,23.27,23.27,-5.96
964,23.27,23.27,-5.94
965,23.28,23.28,-5.93
966,23.28,23.28,-5.92
967,23.28,23.28,-5.9
968,23.29,23.29,-5.89
969,23.29,23.29,-5.88
970,23.29,23.29,-5.86
971,23.29,23.29,-5.85
972,23.3,23.3,-5.83
973,23.3,23.3,-5.82
974,23.3,23.3,-5.81
975,23.31,23.31,-5.79
976,23.31,23.31,-5.78
977,23.31,23.31,-5.77
978,23.31,23.31,-5.75
979,23.32,23.32,-5.74
980,23.32,23.32,-5.73
981,23.32,23.32,-5.71
982,23.33,23.33,-5.7
983,23.33,23.33,-5.69
984,23.33,23.33,-5.67
985,23.33,23.33,-5.66
986,23.34,23.34,-5.65
987,23.34,23.34,-5.63
988,23.34,23.34,-5.62
989,23.35,23.35,-5.61
990,23.35,23.35,-5.59
991,23.35,23.35,-5.58
992,23.35,23.35,-5.57
993,23.36,23.36,-5.55
994,23.36,23.36,-5.54
995,23.36,23.36,-5.52
996,23.36,23.36,-5.51
997,23.37,23.37,-5.5
998,23.37,23.37,-5.48
999,23.37,23.37,-5.47
1000,23.38,23.38,-5.46
1001,23.38,23.38,-5.44
1002,23.38,23.38,-5.43
1003,23.38,23.38,-5.42
1004,23.39,23.39,-5.4
1005,23.39,23.39,-5.39
1006,23.39,23.39,-5.38
1007,23.39,23.39,-5.36
1008,23.4,23.4,-5.35
1009,23.4,23.4,-5.34
1010,23.4,23.4,-5.32
1011,23.41,23.41,-5.31
1012,23.41,23.41,-5.3
1013,23.41,23.41,-5.28
1014,23.41,23.41,-5.27
1015,23.42,23.42,-5.26
1016,23.42,23.42,-5.24
1017,23.42,23.42,-5.23
1018,23.42,23.42,-5.22
1019,23.43,23.43,-5.2
1020,23.43,23.43,-5.19
1021,23.43,23.43,-5.18
1022,23.44,23.44,-5.16
1023,23.44,23.44,-5.15
1024,23.44,23.44,-5.14
1025,23.44,23.44,-5.12
1026,23.45,23.45,-5.11
1027,23.45,23.45,-5.1
1028,23.45,23.45,-5.08
1029,23.45,23.45,-5.07
1030,23.46,23.46,-5.06
1031,23.46,23.46,-5.05
1032,23.46,23.46,-5.03
1033,23.46,23.46,-5.02
1034,23.47,23.47,-5.01
1035,23.47,23.47,-4.99
1036,23.47,23.47,-4.98
1037,23.47,23.47,-4.97
1038,23.48,23.48,-4.95
1039,23.48,23.48,-4.94
1040,23.48,23.48,-4.93
1041,23.48,23.48,-4.91
1042,23.49,23.49,-4.9
1043,23.49,23.49,-4.89
1044,23.49,23.49,-4.87
1045,23.49,23.49,-4.86
1046,23.5,23.5,-4.85
1047,23.5,23.5,-4.83
1048,23.5,23.5,-4.82
1049,23.5,23.5,-4.81
1050,23.51,23.51,-4.79
1051,23.51,23.51,-4.78
1052,23.51,23.51,-4.77
1053,23.51,23.51,-4.75
1054,23.52,23.52,-4.74
1055,23.52,23.52,-4.73
1056,23.52,23.52,-4.72
1057,23.52,23.52,-4.7
1058,23.53,23.53,-4.69
1059,23.53,23.53,-4.68
1060,23.53,23.53,-4.66
1061,23.53,23.53,-4.65
1062,23.54,23.54,-4.64
1063,23.54,23.54,-4.62
1064,23.54,23.54,-4.61
1065,23.54,23.54,-4.6
1066,23.55,23.55,-4.58
1067,23.55,23.55,-4.57
1068,23.55,23.55,-4.56
1069,23.55,23.55,-4.54
1070,23.56,23.56,-4.53
1071,23.56,23.56,-4.52
1072,23.56,23.56,-4.51
1073,23.56,23.56,-4.49
1074,23.57,23.57,-4.48
1075,23.57,23.57,-4.47
1076,23.57,23.57,-4.45
1077,23.57,23.57,-4.44
1078,23.58,23.58,-4.43
1079,23.58,23.58,-4.41
1080,23.58,23.58,-4.4
1081,23.58,23.58,-4.39
1082,23.59,23.59,-4.38
1083,23.59,23.59,-4.36
1084,23.59,23.59,-4.35
1085,23.59,23.59,-4.34
1086,23.6,23.6,-4.32
1087,23.6,23.6,-4.31
1088,23.6,23.6,-4.3
1089,23.6,23.6,-4.28
1090,23.6,23.6,-4.27
1091,23.61,23.61,-4.26
1092,23.61,23.61,-4.25
1093,23.61,23.61,-4.23
1094,23.61,23.61,-4.22
1095,23.62,23.62,-4.21
1096,23.62,23.62,-4.19
1097,23.62,23.62,-4.18
1098,23.62,23.62,-4.17
1099,23.63,23.63,-4.15
1100,23.63,23.63,-4.14
1101,23.63,23.63,-4.13
1102,23.63,23.63,-4.12
1103,23.64,23.64,-4.1
1104,23.64,23.64,-4.09
1105,23.64,23.64,-4.08
1106,23.64,23.64,-4.06
1107,23.64,23.64,-4.05
1108,23.65,23.65,-4.04
1109,23.65,23.65,-4.03
1110,23.65,23.65,-4.01
1111,23.65,23.65,-4.0
1112,23.66,23.66,-3.99
1113,23.66,23.66,-3.97
1114,23.66,23.66,-3.96
1115,23.66,23.66,-3.95
1116,23.66,23.66,-3.94
1117,23.67,23.67,-3.92
1118,23.67,23.67,-3.91
1119,23.67,23.67,-3.9
1120,23.67,23.67,-3.88
1121,23.68,23.68,-3.87
1122,23.68,23.68,-3.86
1123,23.68,23.68,-3.85
1124,23.68,23.68,-3.83
1125,23.68,23.68,-3.82
1126,23.69,23.69,-3.81
1127,23.69,23.69,-3.79
1128,23.69,23.69,-3.78
1129,23.69,23.69,-3.77
1130,23.7,23.7,-3.76
1131,23.7,23.7,-3.74
1132,23.7,23.7,-3.73
1133,23.7,23.7,-3.72
1134,23.7,23.7,-3.7
1135,23.71,23.71,-3.69
1136,23.71,23.71,-3.68
1137,23.71,23.71,-3.67
1138,23.71,23.71,-3.65
1139,23.72,23.72,-3.64
1140,23.72,23.72,-3.63
1141,23.72,23.72,-3.61
1142,23.72,23.72,-3.6
1143,23.72,23.72,-3.59
1144,23.73,23.73,-3.58
1145,23.73,23.73,-3.56
1146,23.73,23.73,-3.55
1147,23.73,23.73,-3.54
1148,23.73,23.73,-3.53
1149,23.74,23.74,-3.51
1150,23.74,23.74,-3.5
1151,23.74,23.74,-3.49
1152,23.74,23.74,-3.47
1153,23.75,23.75,-3.46
1154,23.75,23.75,-3.45
1155,23.75,23.75,-3.44
1156,23.75,23.75,-3.42
1157,23.75,23.75,-3.41
1158,23.76,23.76,-3.4
1159,23.76,23.76,-3.39
1160,23.76,23.76,-3.37
1161,23.76,23.76,-3.36
1162,23.76,23.76,-3.35
1163,23.77,23.77,-3.34
1164,23.77,23.77,-3.32
1165,23.77,23.77,-3.31
1166,23.77,23.77,-3.3
1167,23.77,23.77,-3.28
1168,23.78,23.78,-3.27
1169,23.78,23.78,-3.26
1170,23.78,23.78,-3.25
1171,23.78,23.78,-3.23
1172,23.79,23.79,-3.22
1173,23.79,23.79,-3.21
1174,23.79,23.79,-3.2
1175,23.79,23.79,-3.18
1176,23.79,23.79,-3.17
1177,23.8,23.8,-3.16
1178,23.8,23.8,-3.15
1179,23.8,23.8,-3.13
1180,23.8,23.8,-3.12
1181,23.8,23.8,-3.11
1182,23.81,23.81,-3.1
1183,23.81,23.81,-3.08
1184,23.81,23.81,-3.07
1185,23.81,23.81,-3.06
1186,23.81,23.81,-3.05
1187,23.82,23.82,-3.03
1188,23.82,23.82,-3.02
1189,23.82,23.82,-3.01
1190,23.82,23.82,-3.0
1191,23.82,23.82,-2.98
1192,23.83,23.83,-2.97
1193,23.83,23.83,-2.96
1194,23.83,23.83,-2.94
1195,23.83,23.83,-2.93
1196,23.83,23.83,-2.92
1197,23.84,23.84,-2.91
1198,23.84,23.84,-2.89
1199,23.84,23.84,-2.88
1200,23.84,23.84,-2.87
1201,23.84,23.84,-2.86
1202,23.85,23.85,-2.84
1203,23.85,23.85,-2.83
1204,23.85,23.85,-2.82
1205,23.85,23.85,-2.81
1206,23.85,23.85,-2.8
1207,23.85,23.85,-2.78
1208,23.86,23.86,-2.77
1209,23.86,23.86,-2.76
1210,23.86,23.86,-2.75
1211,23.86,23.86,-2.73
1212,23.86,23.86,-2.72
1213,23.87,23.87,-2.71
1214,23.87,23.87,-2.7
1215,23.87,23.87,-2.68
1216,23.87,23.87,-2.67
1217,23.87,23.87,-2.66
1218,23.88,23.88,-2.65
1219,23.88,23.88,-2.63
1220,23.88,23.88,-2.62
1221,23.88,23.88,-2.61
1222,23.88,23.88,-2.6
1223,23.89,23.89,-2.58
1224,23.89,23.89,-2.57
1225,23.89,23.89,-2.56
1226,23.89,23.89,-2.55
1227,23.89,23.89,-2.53
1228,23.89,23.89,-2.52
1229,23.9,23.9,-2.51
1230,23.9,23.9,-2.5
1231,23.9,23.9,-2.48
1232,23.9,23.9,-2.47
1233,23.9,23.9,-2.46
1234,23.91,23.91,-2.45
1235,23.91,23.91,-2.44
1236,23.91,23.91,-2.42
1237,23.91,23.91,-2.41
1238,23.91,23.91,-2.4
1239,23.91,23.91,-2.39
1240,23.92,23.92,-2.37
1241,23.92,23.92,-2.36
1242,23.92,23.92,-2.35
1243,23.92,23.92,-2.34
1244,23.92,23.92,-2.32
1245,23.93,23.93,-2.31
1246,23.93,23.93,-2.3
1247,23.93,23.93,-2.29
1248,23.93,23.93,-2.28
1249,23.93,23.93,-2.26
1250,23.93,23.93,-2.25
1251,23.94,23.94,-2.24
1252,23.94,23.94,-2.23
1253,23.94,23.94,-2.21
1254,23.94,23.94,-2.2
1255,23.94,23.94,-2.19
1256,23.95,23.95,-2.18
1257,23.95,23.95,-2.17
1258,23.95,23.95,-2.15
1259,23.95,23.95,-2.14
1260,23.95,23.95,-2.13
1261,23.95,23.95,-2.12
1262,23.96,23.96,-2.1
1263,23.96,23.96,-2.09
1264,23.96,23.96,-2.08
1265,23.96,23.96,-2.07
1266,23.96,23.96,-2.06
1267,23.97,23.97,-2.04
1268,23.97,23.97,-2.03
1269,23.97,23.97,-2.02
1270,23.97,23.97,-2.01
1271,23.97,23.97,-1.99
1272,23.97,23.97,-1.98
1273,23.98,23.98,-1.97
1274,23.98,23.98,-1.96
1275,23.98,23.98,-1.95
1276,23.98,23.98,-1.93
1277,23.98,23.98,-1.92
1278,23.98,23.98,-1.91
1279,23.99,23.99,-1.9
1280,23.99,23.99,-1.88
1281,23.99,23.99,-1.87
1282,23.99,23.99,-1.86
1283,23.99,23.99,-1.85
1284,23.99,23.99,-1.84
1285,24.0,24.0,-1.82
1286,24.0,24.0,-1.81
1287,24.0,24.0,-1.8
1288,24.0,24.0,-1.79
1289,24.0,24.0,-1.78
1290,24.0,24.0,-1.76
1291,24.01,24.01,-1.75
1292,24.01,24.01,-1.74
1293,24.01,24.01,-1.73
1294,24.01,24.01,-1.72
1295,24.01,24.01,-1.7
1296,24.01,24.01,-1.69
1297,24.02,24.02,-1.68
1298,24.02,24.02,-1.67
1299,24.02,24.02,-1.65
1300,24.02,24.02,-1.64
1301,24.02,24.02,-1.63
1302,24.02,24.02,-1.62
1303,24.03,24.03,-1.61
1304,24.03,24.03,-1.59
1305,24.03,24.03,-1.58
1306,24.03,24.03,-1.57
1307,24.03,24.03,-1.56
1308,24.03,24.03,-1.55
1309,24.04,24.04,-1.53
1310,24.04,24.04,-1.52
1311,24.04,24.04,-1.51
1312,24.04,24.04,-1.5
1313,24.04,24.04,-1.49
1314,24.04,24.04,-1.47
1315,24.05,24.05,-1.46
1316,24.05,24.05,-1.45
1317,24.05,24.05,-1.44
1318,24.05,24.05,-1.43
1319,24.05,24.05,-1.41
1320,24.05,24.05,-1.4
1321,24.06,24.06,-1.39
1322,24.06,24.06,-1.38
1323,24.06,24.06,-1.37
1324,24.06,24.06,-1.35
1325,24.06,24.06,-1.34
1326,24.06,24.06,-1.33
1327,24.06,24.06,-1.32
1328,24.07,24.07,-1.31
1329,24.07,24.07,-1.3
1330,24.07,24.07,-1.28
1331,24.07,24.07,-1.27
1332,24.07,24.07,-1.26
1333,24.07,24.07,-1.25
1334,24.08,24.08,-1.24
1335,24.08,24.08,-1.22
1336,24.08,24.08,-1.21
1337,24.08,24.08,-1.2
1338,24.08,24.08,-1.19
1339,24.08,24.08,-1.18
1340,24.09,24.09,-1.16
1341,24.09,24.09,-1.15
1342,24.09,24.09,-1.14
1343,24.09,24.09,-1.13
1344,24.09,24.09,-1.12
1345,24.09,24.09,-1.1
1346,24.09,24.09,-1.09
1347,24.1,24.1,-1.08
1348,24.1,24.1,-1.07
1349,24.1,24.1,-1.06
1350,24.1,24.1,-1.05
1351,24.1,24.1,-1.03
1352,24.1,24.1,-1.02
1353,24.1,24.1,-1.01
1354,24.11,24.11,-1.0
1355,24.11,24.11,-0.99
1356,24.11,24.11,-0.97
1357,24.11,24.11,-0.96
1358,24.11,24.11,-0.95
1359,24.11,24.11,-0.94
1360,24.12,24.12,-0.93
1361,24.12,24.12,-0.92
1362,24.12,24.12,-0.9
1363,24.12,24.12,-0.89
1364,24.12,24.12,-0.88
1365,24.12,24.12,-0.87
1366,24.12,24.12,-0.86
1367,24.13,24.13,-0.85
1368,24.13,24.13,-0.83
1369,24.13,24.13,-0.82
1370,24.13,24.13,-0.81
1371,24.13,24.13,-0.8
1372,24.13,24.13,-0.79
1373,24.13,24.13,-0.77
1374,24.14,24.14,-0.76
1375,24.14,24.14,-0.75
1376,24.14,24.14,-0.74
1377,24.14,24.14,-0.73
1378,24.14,24.14,-0.72
1379,24.14,24.14,-0.7
1380,24.14,24.14,-0.69
1381,24.15,24.15,-0.68
1382,24.15,24.15,-0.67
1383,24.15,24.15,-0.66
1384,24.15,24.15,-0.65
1385,24.15,24.15,-0.63
1386,24.15,24.15,-0.62
1387,24.15,24.15,-0.61
1388,24.16,24.16,-0.6
1389,24.16,24.16,-0.59
1390,24.16,24.16,-0.58
1391,24.16,24.16,-0.56
1392,24.16,24.16,-0.55
1393,24.16,24.16,-0.54
1394,24.16,24.16,-0.53
1395,24.17,24.17,-0.52
1396,24.17,24.17,-0.51
1397,24.17,24.17,-0.49
1398,24.17,24.17,-0.48
1399,24.17,24.17,-0.47
1400,24.17,24.17,-0.46
1401,24.17,24.17,-0.45
1402,24.18,24.18,-0.44
1403,24.18,24.18,-0.42
1404,24.18,24.18,-0.41
1405,24.18,24.18,-0.4
1406,24.18,24.18,-0.39
1407,24.18,24.18,-0.38
1408,24.18,24.18,-0.37
1409,24.19,24.19,-0.35
1410,24.19,24.19,-0.34
1411,24.19,24.19,-0.33
1412,24.19,24.19,-0.32
1413,24.19,24.19,-0.31
1414,24.19,24.19,-0.3
1415,24.19,24.19,-0.29
1416,24.2,24.2,-0.27
1417,24.2,24.2,-0.26
1418,24.2,24.2,-0.25
1419,24.2,24.2,-0.24
1420,24.2,24.2,-0.23
1421,24.2,24.2,-0.22
1422,24.2,24.2,-0.2
1423,24.2,24.2,-0.19
1424,24.21,24.21,-0.18
1425,24.21,24.21,-0.17
1426,24.21,24.21,-0.16
1427,24.21,24.21,-0.15
1428,24.21,24.21,-0.14
1429,24.21,24.21,-0.12
1430,24.21,24.21,-0.11
1431,24.22,24.22,-0.1
1432,24.22,24.22,-0.09
1433,24.22,24.22,-0.08
1434,24.22,24.22,-0.07
1435,24.22,24.22,-0.06
1436,24.22,24.22,-0.04
1437,24.22,24.22,-0.03
1438,24.22,24.22,-0.02
1439,24.23,24.23,-0.01
1440,24.23,24.23,0.0
1441,24.23,24.23,0.01
1442,24.23,24.23,0.03
1443,24.23,24.23,0.04
1444,24.23,24.23,0.05
1445,24.23,24.23,0.06
1446,24.23,24.23,0.07
1447,24.24,24.24,0.08
1448,24.24,24.24,0.09
1449,24.24,24.24,0.11
1450,24.24,24.24,0.12
1451,24.24,24.24,0.13
1452,24.24,24.24,0.14
1453,24.24,24.24,0.15
1454,24.25,24.25,0.16
1455,24.25,24.25,0.17
1456,24.25,24.25,0.18
1457,24.25,24.25,0.2
1458,24.25,24.25,0.21
1459,24.25,24.25,0.22
1460,24.25,24.25,0.23
1461,24.25,24.25,0.24
1462,24.26,24.26,0.25
1463,24.26,24.26,0.26
1464,24.26,24.26,0.28
1465,24.26,24.26,0.29
1466,24.26,24.26,0.3
1467,24.26,24.26,0.31
1468,24.26,24.26,0.32
1469,24.26,24.26,0.33
1470,24.27,24.27,0.34
1471,24.27,24.27,0.36
1472,24.27,24.27,0.37
1473,24.27,24.27,0.38
1474,24.27,24.27,0.39
1475,24.27,24.27,0.4
1476,24.27,24.27,0.41
1477,24.27,24.27,0.42
1478,24.28,24.28,0.43
1479,24.28,24.28,0.45
1480,24.28,24.28,0.46
1481,24.28,24.28,0.47
1482,24.28,24.28,0.48
1483,24.28,24.28,0.49
1484,24.28,24.28,0.5
1485,24.28,24.28,0.51
1486,24.28,24.28,0.52
1487,24.29,24.29,0.54
1488,24.29,24.29,0.55
1489,24.29,24.29,0.56
1490,24.29,24.29,0.57
1491,24.29,24.29,0.58
1492,24.29,24.29,0.59
1493,24.29,24.29,0.6
1494,24.29,24.29,0.61
1495,24.3,24.3,0.63
1496,24.3,24.3,0.64
1497,24.3,24.3,0.65
1498,24.3,24.3,0.66
1499,24.3,24.3,0.67
1500,24.3,24.3,0.68
1501,24.3,24.3,0.69
1502,24.3,24.3,0.7
1503,24.31,24.31,0.72
1504,24.31,24.31,0.73
1505,24.31,24.31,0.74
1506,24.31,24.31,0.75
1507,24.31,24.31,0.76
1508,24.31,24.31,0.77
1509,24.31,24.31,0.78
1510,24.31,24.31,0.79
1511,24.31,24.31,0.8
1512,24.32,24.32,0.82
1513,24.32,24.32,0.83
1514,24.32,24.32,0.84
1515,24.32,24.32,0.85
1516,24.32,24.32,0.86
1517,24.32,24.32,0.87
1518,24.32,24.32,0.88
1519,24.32,24.32,0.89
1520,24.32,24.32,0.9
1521,24.33,24.33,0.92
1522,24.33,24.33,0.93
1523,24.33,24.33,0.94
1524,24.33,24.33,0.95
1525,24.33,24.33,0.96
1526,24.33,24.33,0.97
1527,24.33,24.33,0.98
1528,24.33,24.33,0.99
1529,24.33,24.33,1.0
1530,24.34,24.34,1.02
1531,24.34,24.34,1.03
1532,24.34,24.34,1.04
1533,24.34,24.34,1.05
1534,24.34,24.34,1.06
1535,24.34,24.34,1.07
1536,24.34,24.34,1.08
1537,24.34,24.34,1.09
1538,24.34,24.34,1.1
1539,24.35,24.35,1.12
1540,24.35,24.35,1.13
1541,24.35,24.35,1.14
1542,24.35,24.35,1.15
1543,24.35,24.35,1.16
1544,24.35,24.35,1.17
1545,24.35,24.35,1.18
1546,24.35,24.35,1.19
1547,24.35,24.35,1.2
1548,24.36,24.36,1.21
1549,24.36,24.36,1.23
1550,24.36,24.36,1.24
1551,24.36,24.36,1.25
1552,24.36,24.36,1.26
1553,24.36,24.36,1.27
1554,24.36,24.36,1.28
1555,24.36,24.36,1.29
1556,24.36,24.36,1.3
1557,24.37,24.37,1.31
1558,24.37,24.37,1.32
1559,24.37,24.37,1.34
1560,24.37,24.37,1.35
1561,24.37,24.37,1.36
1562,24.37,24.37,1.37
1563,24.37,24.37,1.38
1564,24.37,24.37,1.39
1565,24.37,24.37,1.4
1566,24.38,24.38,1.41
1567,24.38,24.38,1.42
1568,24.38,24.38,1.43
1569,24.38,24.38,1.44
1570,24.38,24.38,1.46
1571,24.38,24.38,1.47
1572,24.38,24.38,1.48
1573,24.38,24.38,1.49
1574,24.38,24.38,1.5
1575,24.38,24.38,1.51
1576,24.39,24.39,1.52
1577,24.39,24.39,1.53
1578,24.39,24.39,1.54
1579,24.39,24.39,1.55
1580,24.39,24.39,1.56
1581,24.39,24.39,1.58
1582,24.39,24.39,1.59
1583,24.39,24.39,1.6
1584,24.39,24.39,1.61
1585,24.39,24.39,1.62
1586,24.4,24.4,1.63
1587,24.4,24.4,1.64
1588,24.4,24.4,1.65
1589,24.4,24.4,1.66
1590,24.4,24.4,1.67
1591,24.4,24.4,1.68
1592,24.4,24.4,1.69
1593,24.4,24.4,1.71
1594,24.4,24.4,1.72
1595,24.41,24.41,1.73
1596,24.41,24.41,1.74
1597,24.41,24.41,1.75
1598,24.41,24.41,1.76
1599,24.41,24.41,1.77
1600,24.41,24.41,1.78
1601,24.41,24.41,1.79
1602,24.41,24.41,1.8
1603,24.41,24.41,1.81
1604,24.41,24.41,1.82
1605,24.42,24.42,1.84
1606,24.42,24.42,1.85
1607,24.42,24.42,1.86
1608,24.42,24.42,1.87
1609,24.42,24.42,1.88
1610,24.42,24.42,1.89
1611,24.42,24.42,1.9
1612,24.42,24.42,1.91
1613,24.42,24.42,1.92
1614,24.42,24.42,1.93
1615,24.42,24.42,1.94
1616,24.43,24.43,1.95
1617,24.43,24.43,1.96
1618,24.43,24.43,1.97
1619,24.43,24.43,1.99
1620,24.43,24.43,2.0
1621,24.43,24.43,2.01
1622,24.43,24.43,2.02
1623,24.43,24.43,2.03
1624,24.43,24.43,2.04
1625,24.43,24.43,2.05
1626,24.44,24.44,2.06
1627,24.44,24.44,2.07
1628,24.44,24.44,2.08
1629,24.44,24.44,2.09
1630,24.44,24.44,2.1
1631,24.44,24.44,2.11
1632,24.44,24.44,2.12
1633,24.44,24.44,2.14
1634,24.44,24.44,2.15
1635,24.44,24.44,2.16
1636,24.44,24.44,2.17
1637,24.45,24.45,2.18
1638,24.45,24.45,2.19
1639,24.45,24.45,2.2
1640,24.45,24.45,2.21
1641,24.45,24.45,2.22
1642,24.45,24.45,2.23
1643,24.45,24.45,2.24
1644,24.45,24.45,2.25
1645,24.45,24.45,2.26
1646,24.45,24.45,2.27
1647,24.46,24.46,2.28
1648,24.46,24.46,2.29
1649,24.46,24.46,2.31
1650,24.46,24.46,2.32
1651,24.46,24.46,2.33
1652,24.46,24.46,2.34
1653,24.46,24.46,2.35
1654,24.46,24.46,2.36
1655,24.46,24.46,2.37
1656,24.46,24.46,2.38
1657,24.46,24.46,2.39
1658,24.47,24.47,2.4
1659,24.47,24.47,2.41
1660,24.47,24.47,2.42
1661,24.47,24.47,2.43
1662,24.47,24.47,2.44
1663,24.47,24.47,2.45
1664,24.47,24.47,2.46
1665,24.47,24.47,2.47
1666,24.47,24.47,2.48
1667,24.47,24.47,2.5
1668,24.47,24.47,2.51
1669,24.47,24.47,2.52
1670,24.48,24.48,2.53
1671,24.48,24.48,2.54
1672,24.48,24.48,2.55
1673,24.48,24.48,2.56
1674,24.48,24.48,2.57
1675,24.48,24.48,2.58
1676,24.48,24.48,2.59
1677,24.48,24.48,2.6
1678,24.48,24.48,2.61
1679,24.48,24.48,2.62
1680,24.48,24.48,2.63
1681,24.49,24.49,2.64
1682,24.49,24.49,2.65
1683,24.49,24.49,2.66
1684,24.49,24.49,2.67
1685,24.49,24.49,2.68
1686,24.49,24.49,2.69
1687,24.49,24.49,2.7
1688,24.49,24.49,2.72
1689,24.49,24.49,2.73
1690,24.49,24.49,2.74
1691,24.49,24.49,2.75
1692,24.49,24.49,2.76
1693,24.5,24.5,2.77
1694,24.5,24.5,2.78
1695,24.5,24.5,2.79
1696,24.5,24.5,2.8
1697,24.5,24.5,2.81
1698,24.5,24.5,2.82
1699,24.5,24.5,2.83
1700,24.5,24.5,2.84
1701,24.5,24.5,2.85
1702,24.5,24.5,2.86
1703,24.5,24.5,2.87
1704,24.51,24.51,2.88
1705,24.51,24.51,2.89
1706,24.51,24.51,2.9
1707,24.51,24.51,2.91
1708,24.51,24.51,2.92
1709,24.51,24.51,2.93
1710,24.51,24.51,2.94
1711,24.51,24.51,2.95
1712,24.51,24.51,2.96
1713,24.51,24.51,2.98
1714,24.51,24.51,2.99
1715,24.51,24.51,3.0
1716,24.51,24.51,3.01
1717,24.52,24.52,3.02
1718,24.52,24.52,3.03
1719,24.52,24.52,3.04
1720,24.52,24.52,3.05
1721,24.52,24.52,3.06
1722,24.52,24.52,3.07
1723,24.52,24.52,3.08
1724,24.52,24.52,3.09
1725,24.52,24.52,3.1
1726,24.52,24.52,3.11
1727,24.52,24.52,3.12
1728,24.52,24.52,3.13
1729,24.53,24.53,3.14
1730,24.53,24.53,3.15
1731,24.53,24.53,3.16
1732,24.53,24.53,3.17
1733,24.53,24.53,3.18
1734,24.53,24.53,3.19
1735,24.53,24.53,3.2
1736,24.53,24.53,3.21
1737,24.53,24.53,3.22
1738,24.53,24.53,3.23
1739,24.53,24.53,3.24
1740,24.53,24.53,3.25
1741,24.53,24.53,3.26
1742,24.54,24.54,3.27
1743,24.54,24.54,3.28
1744,24.54,24.54,3.29
1745,24.54,24.54,3.3
1746,24.54,24.54,3.31
1747,24.54,24.54,3.32
1748,24.54,24.54,3.34
1749,24.54,24.54,3.35
1750,24.54,24.54,3.36
1751,24.54,24.54,3.37
1752,24.54,24.54,3.38
1753,24.54,24.54,3.39
1754,24.55,24.55,3.4
1755,24.55,24.55,3.41
1756,24.55,24.55,3.42
1757,24.55,24.55,3.43
1758,24.55,24.55,3.44
1759,24.55,24.55,3.45
1760,24.55,24.55,3.46
1761,24.55,24.55,3.47
1762,24.55,24.55,3.48
1763,24.55,24.55,3.49
1764,24.55,24.55,3.5
1765,24.55,24.55,3.51
1766,24.55,24.55,3.52
1767,24.55,24.55,3.53
1768,24.56,24.56,3.54
1769,24.56,24.56,3.55
1770,24.56,24.56,3.56
1771,24.56,24.56,3.57
1772,24.56,24.56,3.58
1773,24.56,24.56,3.59
1774,24.56,24.56,3.6
1775,24.56,24.56,3.61
1776,24.56,24.56,3.62
1777,24.56,24.56,3.63
1778,24.56,24.56,3.64
1779,24.56,24.56,3.65
1780,24.56,24.56,3.66
1781,24.57,24.57,3.67
1782,24.57,24.57,3.68
1783,24.57,24.57,3.69
1784,24.57,24.57,3.7
1785,24.57,24.57,3.71
1786,24.57,24.57,3.72
1787,24.57,24.57,3.73
1788,24.57,24.57,3.74
1789,24.57,24.57,3.75
1790,24.57,24.57,3.76
1791,24.57,24.57,3.77
1792,24.57,24.57,3.78
1793,24.57,24.57,3.79
1794,24.57,24.57,3.8
1795,24.58,24.58,3.81
1796,24.58,24.58,3.82
1797,24.58,24.58,3.83
1798,24.58,24.58,3.84
1799,24.58,24.58,3.85
1800,24.58,24.58,3.86
1801,24.58,24.58,3.87
1802,24.58,24.58,3.88
1803,24.58,24.58,3.89
1804,24.58,24.58,3.9
1805,24.58,24.58,3.91
1806,24.58,24.58,3.92
1807,24.58,24.58,3.93
1808,24.58,24.58,3.94
1809,24.59,24.59,3.95
1810,24.59,24.59,3.96
1811,24.59,24.59,3.97
1812,24.59,24.59,3.98
1813,24.59,24.59,3.99
1814,24.59,24.59,4.0
1815,24.59,24.59,4.01
1816,24.59,24.59,4.02
1817,24.59,24.59,4.03
1818,24.59,24.59,4.04
1819,24.59,24.59,4.05
1820,24.59,24.59,4.06
1821,24.59,24.59,4.07
1822,24.59,24.59,4.08
1823,24.6,24.6,4.09
1824,24.6,24.6,4.1
1825,24.6,24.6,4.11
1826,24.6,24.6,4.12
1827,24.6,24.6,4.13
1828,24.6,24.6,4.14
1829,24.6,24.6,4.15
1830,24.6,24.6,4.16
1831,24.6,24.6,4.17
1832,24.6,24.6,4.18
1833,24.6,24.6,4.19
1834,24.6,24.6,4.2
1835,24.6,24.6,4.21
1836,24.6,24.6,4.22
1837,24.6,24.6,4.23
1838,24.61,24.61,4.24
1839,24.61,24.61,4.25
1840,24.61,24.61,4.26
1841,24.61,24.61,4.27
1842,24.61,24.61,4.28
1843,24.61,24.61,4.29
1844,24.61,24.61,4.3
1845,24.61,24.61,4.31
1846,24.61,24.61,4.32
1847,24.61,24.61,4.33
1848,24.61,24.61,4.34
1849,24.61,24.61,4.35
1850,24.61,24.61,4.36
1851,24.61,24.61,4.37
1852,24.61,24.61,4.38
1853,24.62,24.62,4.39
1854,24.62,24.62,4.4
1855,24.62,24.62,4.41
1856,24.62,24.62,4.42
1857,24.62,24.62,4.43
1858,24.62,24.62,4.44
1859,24.62,24.62,4.45
